"1","15","Brooke"
"1","2","Joshua"
"2","19","Joseph"
"2","15","Zoe"
"3","1","Sarah"
"3","17","Alexander"
"3","4","Caleb"
"4","14","Patrick"
"4","13","Erin"
"4","16","Breanna"
"5","12","Alexander"
"5","16","Abigail"
"6","6","Isabella"
"6","4","Jose"
"6","15","Alexis"
"7","3","Emma"
"7","18","Caitlin"
"7","16","Nicole"
"7","13","Madeline"
"8","5","Jack"
"8","20","Destiny"
"9","7","Robert"
"9","1","Kimberly"
"9","6","Brooke"
"9","5","Jared"
"9","15","Abigail"
"9","17","Sean"
"10","2","Christopher"
"10","13","Sydney"
"11","17","Adam"
"11","10","Natalie"
"12","16","Brittany"
"12","10","Jessica"
"12","1","Savannah"
"12","17","Elijah"
"12","2","John"
"13","3","Gabrielle"
"13","7","Cameron"
"13","13","Danielle"
"14","6","Chloe"
"14","2","Isaiah"
"14","15","Jasmine"
"15","7","Richard"
"15","6","Mariah"
"15","12","Jack"
"16","8","Angel"
"17","2","Ryan"
"17","15","Shelby"
"17","5","Daniel"
"18","7","Christian"
"18","15","Mackenzie"
"19","14","Adam"
"19","9","Nicole"
"19","12","Seth"
"20","14","Samuel"
"20","9","Jada"
"20","1","Samantha"
"20","7","Daniel"
"20","16","Amber"
"20","2","Juan"
"17","1"
"13","1"
"15","1"
"9","1"
"2","1"
"16","1"
"19","1"
"12","1"
"9","2"
"10","2"
"1","2"
"4","2"
"19","2"
"15","2"
"3","3"
"1","3"
"10","3"
"17","3"
"4","3"
"6","4"
"14","4"
"20","4"
"13","4"
"17","4"
"16","4"
"5","4"
"4","4"
"3","5"
"12","5"
"14","5"
"17","5"
"9","5"
"4","5"
"16","5"
"6","6"
"2","6"
"4","6"
"11","6"
"15","6"
"3","7"
"7","7"
"18","7"
"16","7"
"15","7"
"13","7"
"5","8"
"3","8"
"19","8"
"20","8"
"7","9"
"1","9"
"4","9"
"6","9"
"5","9"
"15","9"
"10","9"
"17","9"
"17","10"
"8","10"
"2","10"
"19","10"
"16","10"
"13","10"
"4","10"
"18","11"
"17","11"
"9","11"
"10","11"
"13","11"
"6","11"
"2","11"
"15","12"
"16","12"
"10","12"
"1","12"
"17","12"
"12","12"
"3","12"
"8","12"
"2","12"
"4","12"
"3","13"
"19","13"
"11","13"
"7","13"
"18","13"
"9","13"
"13","13"
"7","14"
"6","14"
"10","14"
"19","14"
"2","14"
"15","14"
"4","14"
"7","15"
"9","15"
"6","15"
"12","15"
"20","15"
"13","16"
"4","16"
"14","16"
"7","16"
"8","16"
"18","16"
"2","17"
"15","17"
"14","17"
"5","17"
"20","17"
"18","17"
"1","18"
"7","18"
"6","18"
"20","18"
"5","18"
"11","18"
"15","18"
"14","18"
"14","19"
"3","19"
"9","19"
"8","19"
"10","19"
"12","19"
"16","19"
"14","20"
"9","20"
"3","20"
"1","20"
"7","20"
"16","20"
"2","20"
"13","20"
"10","20"
"1","17","Director"
"1","13","Producer"
"1","9","Editor"
"1","16","Cinematographer"
"1","19","Costume Designer"
"1","12","Executive Producer"
"2","9","Director"
"2","10","Producer"
"2","1","Editor"
"2","4","Cinematographer"
"3","3","Director"
"3","10","Producer"
"4","6","Director"
"4","20","Producer"
"4","17","Editor"
"4","5","Cinematographer"
"4","4","Costume Designer"
"5","3","Director"
"5","14","Producer"
"5","17","Editor"
"5","9","Cinematographer"
"5","4","Costume Designer"
"6","2","Director"
"6","11","Producer"
"7","7","Director"
"7","15","Producer"
"8","3","Director"
"8","19","Producer"
"9","4","Director"
"9","10","Producer"
"10","17","Director"
"10","8","Producer"
"10","19","Editor"
"10","16","Cinematographer"
"10","4","Costume Designer"
"11","18","Director"
"11","9","Producer"
"11","13","Editor"
"11","6","Cinematographer"
"11","2","Costume Designer"
"12","15","Director"
"12","12","Producer"
"12","3","Editor"
"12","8","Cinematographer"
"12","4","Costume Designer"
"13","19","Director"
"13","11","Producer"
"13","18","Editor"
"13","9","Cinematographer"
"14","7","Director"
"14","10","Producer"
"14","19","Editor"
"14","4","Cinematographer"
"15","9","Director"
"15","20","Producer"
"16","13","Director"
"16","4","Producer"
"16","14","Editor"
"16","7","Cinematographer"
"16","18","Costume Designer"
"17","14","Director"
"17","20","Producer"
"17","18","Editor"
"18","1","Director"
"18","6","Producer"
"18","20","Editor"
"18","5","Cinematographer"
"18","11","Costume Designer"
"18","14","Executive Producer"
"19","3","Director"
"19","8","Producer"
"19","10","Editor"
"19","16","Cinematographer"
"20","3","Director"
"20","13","Producer"
"20","10","Editor"
"1","Mystery"
"1","Horror"
"2","Sci-Fi"
"2","Comedy"
"3","Action"
"3","Thriller"
"4","Romance"
"4","Action"
"4","Drama"
"5","Mystery"
"5","Horror"
"6","Comedy"
"6","Horror"
"6","Documentary"
"8","Musical"
"8","Fantasy"
"8","Mystery"
"9","Fantasy"
"9","Horror"
"10","Drama"
"11","Fantasy"
"11","Drama"
"13","Sci-Fi"
"15","Musical"
"15","Horror"
"16","Documentary"
"17","Fantasy"
"17","Comedy"
"18","Musical"
"18","Adventure"
"18","Sci-Fi"
"19","Thriller"
"19","Drama"
"20","Horror"
"20","Sci-Fi"
"20","Romance"
"16","Sci-Fi"
"17","Crime"
"16","Action"
"18","Drama"
"17","Drama"
"6","Drama"
"3","Mystery"
"6","Thriller"
"5","Action"
"10","Action"
"12","Adventure"
"10","Horror"
"15","Comedy"
"19","Fantasy"
"14","Action"
"13","Children"
"16","Mystery"
"10","Thriller"
"18","Sci-Fi"
"14","Thriller"
"19","Comedy"
"3","Drama"
"5","Documentary"
"2","Comedy"
"2","Horror"
"4","Musical"
"8","Comedy"
"13","Comedy"
"8","Romance"
"7","Drama"
"11","Comedy"
"15","Fantasy"
"9","Drama"
"12","Documentary"
"2","Drama"
"1","Drama"
"7","War"
"14","Horror"
"1","Horror"
"4","Documentary"
"1","3"
"1","9"
"2","14"
"3","14"
"3","7"
"3","17"
"6","14"
"6","13"
"7","9"
"7","6"
"8","4"
"8","5"
"8","6"
"8","15"
"10","16"
"10","2"
"10","9"
"11","13"
"11","14"
"12","14"
"12","5"
"13","13"
"13","15"
"13","10"
"15","9"
"15","2"
"16","2"
"16","11"
"16","8"
"18","3"
"18","19"
"18","17"
"19","7"
"20","3"
"20","5"
"20","18"
"1","The Avengers","2016-10-26","Duis aliquam convallis nunc. Proin at turpis a pede posuere nonummy. Integer non velit.","139"
"2","The Secret Life","2018-06-17","In quis justo. Maecenas rhoncus aliquam lacus. Morbi quis tortor id nulla ultrices aliquet.","120"
"3","Trances","2017-07-22","Nullam porttitor lacus at turpis. Donec posuere metus vitae ipsum. Aliquam non mauris.","91"
"4","Mr. Popper's Penguins","2017-10-06","Aliquam quis turpis eget elit sodales scelerisque. Mauris sit amet eros. Suspendisse accumsan tortor quis turpis.","93"
"5","Boy Who Could Fly","2017-04-26","Suspendisse potenti. In eleifend quam a odio. In hac habitasse platea dictumst.","126"
"6","Weekender","2017-02-21","Duis consequat dui nec nisi volutpat eleifend. Donec ut dolor. Morbi vel lectus in quam fringilla rhoncus.","146"
"7","May in the Summer","2017-07-02","In hac habitasse platea dictumst. Morbi vestibulum, velit id pretium iaculis, diam erat fermentum justo, nec condimentum neque sapien placerat ante. Nulla justo.","80"
"8","Night of the Demons 2","2017-09-11","Sed sagittis. Nam congue, risus semper porta volutpat, quam pede lobortis ligula, sit amet eleifend pede libero quis orci. Nullam molestie nibh in lectus.","142"
"9","ZMD: Zombies of Mass Destruction","2016-08-20","Lorem ipsum dolor sit amet, consectetuer adipiscing elit. Proin risus. Praesent lectus.","73"
"10","Shepherd of the Hills, The","2017-10-25","Aliquam quis turpis eget elit sodales scelerisque. Mauris sit amet eros. Suspendisse accumsan tortor quis turpis.","103"
"11","Modulations","2018-09-28","In hac habitasse platea dictumst. Etiam faucibus cursus urna. Ut tellus.","148"
"12","The Godfather","2018-03-21","Nulla ut erat id mauris vulputate elementum. Nullam varius. Nulla facilisi.","145"
"13","American Pimp","2017-11-27","Proin interdum mauris non ligula pellentesque ultrices. Phasellus id sapien in sapien iaculis congue. Vivamus metus arcu, adipiscing molestie, hendrerit at, vulputate vitae, nisl.","125"
"14","GoldenEye","2018-08-24","Maecenas leo odio, condimentum id, luctus nec, molestie sed, justo. Pellentesque viverra pede ac diam. Cras pellentesque volutpat dui.","97"
"15","Night Flight","2016-03-02","Phasellus in felis. Donec semper sapien a libero. Nam dui.","72"
"16","New York, I Love You","2018-01-27","In hac habitasse platea dictumst. Etiam faucibus cursus urna. Ut tellus.","131"
"17","Desperate Journey","2018-10-23","Phasellus sit amet erat. Nulla tempus. Vivamus in felis eu sapien cursus vestibulum.","143"
"18","London Conspiracy","2017-10-16","Aenean lectus. Pellentesque eget nunc. Donec quis orci eget orci vehicula condimentum.","110"
"19","Bewitched","2016-03-05","Quisque porta volutpat erat. Quisque erat eros, viverra eget, congue eget, semper rutrum, nulla. Nunc purus.","116"
"20","Jason X","2017-10-08","Integer ac leo. Pellentesque ultrices mattis odio. Donec vitae nisi.","101"
"1","Bonni","Shieldon","F","1989-04-09"
"2","Brocky","Kee","M","1994-05-31"
"3","Ardenia","Offell","F","1971-11-22"
"4","Kippy","Leggen","M","1985-08-23"
"5","De witt","Eltune","M","1993-09-12"
"6","Lucie","Sigmund","F","1997-05-05"
"7","Garfield","Philbin","M","1978-05-15"
"8","Jerad","Engelmann","M","1990-11-10"
"9","Adina","Murrill","F","1981-12-09"
"10","Sophronia","Antunez","F","1996-06-26"
"11","Wiatt","Dudlestone","M","1973-01-01"
"12","Toiboid","Lorrimer","M","1990-09-19"
"13","Ange","Cruz","F","1991-07-28"
"14","Wallis","Jakubowsky","M","1999-07-18"
"15","Winni","Warin","F","1997-08-03"
"16","Selinda","Leavey","F","1999-08-07"
"17","Ford","Franz","M","1998-03-31"
"18","Jaquenette","Wogan","F","1985-02-20"
"19","Oliver","Pedrol","M","1982-10-14"
"20","Gae","Aleveque","F","1973-05-28"
"1","dVvC6FYupGDt69iV.jpg"
"1","JRl5Ash7ioWrMrK5.jpg"
"1","Pcg1CLV9aakEHjvs.jpg"
"1","rtfVnMVse4Tj23lO.jpg"
"1","tXH7mMbCVSJLqPd9.jpg"
"1","wzUh2EDruHhHplDm.jpg"
"1","YTGCH7eRMSI3gnHj.jpg"
"2","0HezPyTSigihXVUu.jpg"
"2","LKJ0qrvyPIba3mbv.jpg"
"2","ZrKsurpTx3y0iGZ3.jpg"
"3","2zkiOEFfUkwFlbYQ.jpg"
"3","BcMSuKNZrrQuNkAV.jpg"
"3","DeMcT857zmF6HZfY.jpg"
"3","inL6IGlVL8kUCNWw.jpg"
"3","lCd6KA1FTlq5X2zg.jpg"
"3","nZXSijNXPbtKAldg.jpg"
"4","JMVEk3k2Ken1sEFa.jpg"
"4","pg49kpla8v2wCjzH.jpg"
"4","v49dT7S9wtdARLEA.jpg"
"4","v7xa3rlrwsgkfhc7.jpg"
"5","fgGUuWysGe67SJnP.jpg"
"5","N8pVFTm4EUwyNc4l.jpg"
"5","wQkVDoRUgr3soYDU.jpg"
"6","hEsp3teCpucPSagH.jpg"
"6","JXVl8sA6DE49ZPoe.jpg"
"6","W4LhjixTYZ1FBofC.jpg"
"6","Whn4BuGBEsOr4jCe.jpg"
"6","yMoQYAJPna0o9nic.jpg"
"7","FO28VYEurvRtD1Gl.jpg"
"7","IK6ZlaJUW0NWdmwW.jpg"
"7","IQJFCzDdmr1tUU8e.jpg"
"7","LtaH52uronokjMLo.jpg"
"7","M1dmzq65kuF4f2lD.jpg"
"7","QCgbN9rkTVcQm6Es.jpg"
"8","dOH7OAkE4Y402z0W.jpg"
"8","glLz0cMMhcT1AjgO.jpg"
"8","pgHfv8bj2v8T1sSk.jpg"
"8","TrffdcNTBS2dB572.jpg"
"8","Xdwfal6HXiynTLwt.jpg"
"8","zRoAxEMKhzmgn32J.jpg"
"9","bFsAHlsFC96APaN7.jpg"
"9","pLM579aHXDjuh4f0.jpg"
"10","4qBSPbGsQKZNq1KB.jpg"
"10","HSrR3d650LwtdyKH.jpg"
"10","sDg7oSLEVP4CbjQt.jpg"
"11","ouOK1xGReNTHULrh.jpg"
"11","uG4IvdBTTKFitq7N.jpg"
"12","5qTlspxVZAwmXIEk.jpg"
"12","eqRxl7aBGj4co3IX.jpg"
"12","LQcSgXVuRd8kKlt5.jpg"
"12","r6fmnN3HU5UPtc01.jpg"
"12","rx89qvkeW4FfJ1lP.jpg"
"13","4abGNMigMveL0n3I.jpg"
"13","AliaesaYrFdR065C.jpg"
"13","FmpSfqzgIq0G68RL.jpg"
"13","sfa1uvvmmTa76FqU.jpg"
"14","1tDCADdlWsTznV6V.jpg"
"14","AxhXpKzI4lqkvRP7.jpg"
"14","IHg5xxdYnfT3uHyA.jpg"
"14","wlL7ZxaGJpnsZjJo.jpg"
"14","WYwb47ZK6jRsgsdM.jpg"
"15","66eshy1YojKYpFHB.jpg"
"15","HZjhuGl5hoBxbLAT.jpg"
"15","iEWrIc1VQQMp1vmV.jpg"
"15","LzGn6vtnImdZrQH5.jpg"
"15","TGxpfX84ym3XRiC5.jpg"
"16","3MFeOn3i3VMaXb5I.jpg"
"16","Pf6kAjIX96ynPtOA.jpg"
"16","whRMcLq7fIx8q7Ed.jpg"
"17","9TxbOS2Oa5t8Gzf9.jpg"
"17","ahJkbKFsEwsYMonY.jpg"
"17","aQPL9cgQX6Efqxnf.jpg"
"17","jOWkmD3W8eCaVWNx.jpg"
"17","tToFQOpdP5WOQd6p.jpg"
"18","fmsdSlVrbvF8gPrU.jpg"
"19","jdDRG0Ph0zFD9FLL.jpg"
"20","6re8mn45c8cCef81.jpg"
"20","7wCRwr0lmZb0iHmr.jpg"
"20","NMZHJOYnnEqYg41g.jpg"
"20","YxmNDI4oWRzNtP1P.jpg"
"1","dVvC6FYupGDt69iV.jpg"
"1","JRl5Ash7ioWrMrK5.jpg"
"1","Pcg1CLV9aakEHjvs.jpg"
"1","rtfVnMVse4Tj23lO.jpg"
"1","tXH7mMbCVSJLqPd9.jpg"
"1","wzUh2EDruHhHplDm.jpg"
"1","YTGCH7eRMSI3gnHj.jpg"
"2","0HezPyTSigihXVUu.jpg"
"2","LKJ0qrvyPIba3mbv.jpg"
"2","ZrKsurpTx3y0iGZ3.jpg"
"3","2zkiOEFfUkwFlbYQ.jpg"
"3","BcMSuKNZrrQuNkAV.jpg"
"3","DeMcT857zmF6HZfY.jpg"
"3","inL6IGlVL8kUCNWw.jpg"
"3","lCd6KA1FTlq5X2zg.jpg"
"3","nZXSijNXPbtKAldg.jpg"
"4","JMVEk3k2Ken1sEFa.jpg"
"4","pg49kpla8v2wCjzH.jpg"
"4","v49dT7S9wtdARLEA.jpg"
"4","v7xa3rlrwsgkfhc7.jpg"
"5","fgGUuWysGe67SJnP.jpg"
"5","N8pVFTm4EUwyNc4l.jpg"
"5","wQkVDoRUgr3soYDU.jpg"
"6","hEsp3teCpucPSagH.jpg"
"6","JXVl8sA6DE49ZPoe.jpg"
"6","W4LhjixTYZ1FBofC.jpg"
"6","Whn4BuGBEsOr4jCe.jpg"
"6","yMoQYAJPna0o9nic.jpg"
"7","FO28VYEurvRtD1Gl.jpg"
"7","IK6ZlaJUW0NWdmwW.jpg"
"7","IQJFCzDdmr1tUU8e.jpg"
"7","LtaH52uronokjMLo.jpg"
"7","M1dmzq65kuF4f2lD.jpg"
"7","QCgbN9rkTVcQm6Es.jpg"
"8","dOH7OAkE4Y402z0W.jpg"
"8","glLz0cMMhcT1AjgO.jpg"
"8","pgHfv8bj2v8T1sSk.jpg"
"8","TrffdcNTBS2dB572.jpg"
"8","Xdwfal6HXiynTLwt.jpg"
"8","zRoAxEMKhzmgn32J.jpg"
"9","bFsAHlsFC96APaN7.jpg"
"9","pLM579aHXDjuh4f0.jpg"
"10","4qBSPbGsQKZNq1KB.jpg"
"10","HSrR3d650LwtdyKH.jpg"
"10","sDg7oSLEVP4CbjQt.jpg"
"11","ouOK1xGReNTHULrh.jpg"
"11","uG4IvdBTTKFitq7N.jpg"
"12","5qTlspxVZAwmXIEk.jpg"
"12","eqRxl7aBGj4co3IX.jpg"
"12","LQcSgXVuRd8kKlt5.jpg"
"12","r6fmnN3HU5UPtc01.jpg"
"12","rx89qvkeW4FfJ1lP.jpg"
"13","4abGNMigMveL0n3I.jpg"
"13","AliaesaYrFdR065C.jpg"
"13","FmpSfqzgIq0G68RL.jpg"
"13","sfa1uvvmmTa76FqU.jpg"
"14","1tDCADdlWsTznV6V.jpg"
"14","AxhXpKzI4lqkvRP7.jpg"
"14","IHg5xxdYnfT3uHyA.jpg"
"14","wlL7ZxaGJpnsZjJo.jpg"
"14","WYwb47ZK6jRsgsdM.jpg"
"15","66eshy1YojKYpFHB.jpg"
"15","HZjhuGl5hoBxbLAT.jpg"
"15","iEWrIc1VQQMp1vmV.jpg"
"15","LzGn6vtnImdZrQH5.jpg"
"15","TGxpfX84ym3XRiC5.jpg"
"16","3MFeOn3i3VMaXb5I.jpg"
"16","Pf6kAjIX96ynPtOA.jpg"
"16","whRMcLq7fIx8q7Ed.jpg"
"17","9TxbOS2Oa5t8Gzf9.jpg"
"17","ahJkbKFsEwsYMonY.jpg"
"17","aQPL9cgQX6Efqxnf.jpg"
"17","jOWkmD3W8eCaVWNx.jpg"
"17","tToFQOpdP5WOQd6p.jpg"
"18","fmsdSlVrbvF8gPrU.jpg"
"19","jdDRG0Ph0zFD9FLL.jpg"
"20","6re8mn45c8cCef81.jpg"
"20","7wCRwr0lmZb0iHmr.jpg"
"20","NMZHJOYnnEqYg41g.jpg"
"20","YxmNDI4oWRzNtP1P.jpg"
"3","10","2018-04-24","2","Suspendisse potenti. In eleifend quam a odio. In hac habitasse platea dictumst."
"3","15","2018-07-14","3","Vestibulum quam sapien, varius ut, blandit non, interdum in, ante. Vestibulum ante ipsum primis in faucibus orci luctus et ultrices posuere cubilia Curae; Duis faucibus accumsan odio. Curabitur convallis."
"7","10","2017-12-25","3","In quis justo. Maecenas rhoncus aliquam lacus. Morbi quis tortor id nulla ultrices aliquet."
"19","3","2018-01-29","2","Maecenas leo odio, condimentum id, luctus nec, molestie sed, justo. Pellentesque viverra pede ac diam. Cras pellentesque volutpat dui."
"15","17","2018-06-06","4","Mauris enim leo, rhoncus sed, vestibulum sit amet, cursus id, turpis. Integer aliquet, massa id lobortis convallis, tortor risus dapibus augue, vel accumsan tellus nisi eu orci. Mauris lacinia sapien quis libero."
"17","20","2017-11-10","5","Maecenas ut massa quis augue luctus tincidunt. Nulla mollis molestie lorem. Quisque ut erat."
"11","12","2018-05-04","2","Proin leo odio, porttitor id, consequat in, consequat ut, nulla. Sed accumsan felis. Ut at dolor quis odio consequat varius."
"4","11","2017-08-17","3","Maecenas tristique, est et tempus semper, est quam pharetra magna, ac consequat metus sapien ut nunc. Vestibulum ante ipsum primis in faucibus orci luctus et ultrices posuere cubilia Curae; Mauris viverra diam vitae quam. Suspendisse potenti."
"18","13","2018-05-06","4","Praesent id massa id nisl venenatis lacinia. Aenean sit amet justo. Morbi ut odio."
"6","6","2018-08-12","1","Etiam vel augue. Vestibulum rutrum rutrum neque. Aenean auctor gravida sem."
"12","15","2018-02-07","5","Aliquam quis turpis eget elit sodales scelerisque. Mauris sit amet eros. Suspendisse accumsan tortor quis turpis."
"3","13","2018-01-15","1","Phasellus in felis. Donec semper sapien a libero. Nam dui."
"8","4","2017-12-07","2","Vestibulum ac est lacinia nisi venenatis tristique. Fusce congue, diam id ornare imperdiet, sapien urna pretium nisl, ut volutpat sapien arcu sed augue. Aliquam erat volutpat."
"15","10","2018-07-24","3","In sagittis dui vel nisl. Duis ac nibh. Fusce lacus purus, aliquet at, feugiat non, pretium quis, lectus."
"5","7","2017-10-09","4","Praesent id massa id nisl venenatis lacinia. Aenean sit amet justo. Morbi ut odio."
"18","12","2017-08-29","5","In sagittis dui vel nisl. Duis ac nibh. Fusce lacus purus, aliquet at, feugiat non, pretium quis, lectus."
"8","2","2017-09-17","5","Proin eu mi. Nulla ac enim. In tempor, turpis nec euismod scelerisque, quam turpis adipiscing lorem, vitae mattis nibh ligula nec sem."
"11","18","2017-11-16","5","Proin leo odio, porttitor id, consequat in, consequat ut, nulla. Sed accumsan felis. Ut at dolor quis odio consequat varius."
"17","10","2017-11-05","3","Aenean lectus. Pellentesque eget nunc. Donec quis orci eget orci vehicula condimentum."
"6","13","2018-01-06","5","Maecenas leo odio, condimentum id, luctus nec, molestie sed, justo. Pellentesque viverra pede ac diam. Cras pellentesque volutpat dui."
"8","13","2018-04-04","3","Suspendisse potenti. In eleifend quam a odio. In hac habitasse platea dictumst."
"2","4","2018-08-06","4","Duis aliquam convallis nunc. Proin at turpis a pede posuere nonummy. Integer non velit."
"5","4","2017-12-06","4","Suspendisse potenti. In eleifend quam a odio. In hac habitasse platea dictumst."
"9","9","2017-10-13","3","Nam ultrices, libero non mattis pulvinar, nulla pede ullamcorper augue, a suscipit nulla elit ac nulla. Sed vel enim sit amet nunc viverra dapibus. Nulla suscipit ligula in lacus."
"13","4","2017-10-20","4","Proin leo odio, porttitor id, consequat in, consequat ut, nulla. Sed accumsan felis. Ut at dolor quis odio consequat varius."
"13","6","2018-06-28","1","Pellentesque at nulla. Suspendisse potenti. Cras in purus eu magna vulputate luctus."
"15","15","2018-08-12","3","Donec diam neque, vestibulum eget, vulputate ut, ultrices vel, augue. Vestibulum ante ipsum primis in faucibus orci luctus et ultrices posuere cubilia Curae; Donec pharetra, magna vestibulum aliquet ultrices, erat tortor sollicitudin mi, sit amet lobortis sapien sapien non mi. Integer ac neque."
"15","3","2018-03-11","3","Quisque id justo sit amet sapien dignissim vestibulum. Vestibulum ante ipsum primis in faucibus orci luctus et ultrices posuere cubilia Curae; Nulla dapibus dolor vel est. Donec odio justo, sollicitudin ut, suscipit a, feugiat et, eros."
"15","5","2017-11-25","2",
"4","7","2018-03-20","2","In quis justo. Maecenas rhoncus aliquam lacus. Morbi quis tortor id nulla ultrices aliquet."
"12","2","2018-08-04","1","Donec diam neque, vestibulum eget, vulputate ut, ultrices vel, augue. Vestibulum ante ipsum primis in faucibus orci luctus et ultrices posuere cubilia Curae; Donec pharetra, magna vestibulum aliquet ultrices, erat tortor sollicitudin mi, sit amet lobortis sapien sapien non mi. Integer ac neque."
"14","3","2018-04-05","3","Nulla ut erat id mauris vulputate elementum. Nullam varius. Nulla facilisi."
"20","20","2018-04-20","5","Vestibulum quam sapien, varius ut, blandit non, interdum in, ante. Vestibulum ante ipsum primis in faucibus orci luctus et ultrices posuere cubilia Curae; Duis faucibus accumsan odio. Curabitur convallis."
"14","9","2018-07-02","5","Integer ac leo. Pellentesque ultrices mattis odio. Donec vitae nisi."
"4","9","2018-06-19","1","Aenean lectus. Pellentesque eget nunc. Donec quis orci eget orci vehicula condimentum."
"2","20","2017-09-13","4","Nulla ut erat id mauris vulputate elementum. Nullam varius. Nulla facilisi."
"4","8","2017-09-27","2","Fusce consequat. Nulla nisl. Nunc nisl."
"3","14","2017-09-29","5","Aliquam quis turpis eget elit sodales scelerisque. Mauris sit amet eros. Suspendisse accumsan tortor quis turpis."
"15","19","2018-01-16","4","Suspendisse potenti. In eleifend quam a odio. In hac habitasse platea dictumst."
"3","6","2018-01-16","4","Proin leo odio, porttitor id, consequat in, consequat ut, nulla. Sed accumsan felis. Ut at dolor quis odio consequat varius."
"16","11","2018-02-28","3","Integer ac leo. Pellentesque ultrices mattis odio. Donec vitae nisi."
"7","6","2018-01-30","2","Vestibulum ac est lacinia nisi venenatis tristique. Fusce congue, diam id ornare imperdiet, sapien urna pretium nisl, ut volutpat sapien arcu sed augue. Aliquam erat volutpat."
"13","13","2018-06-17","5","Sed ante. Vivamus tortor. Duis mattis egestas metus."
"3","8","2018-02-05","2","Praesent id massa id nisl venenatis lacinia. Aenean sit amet justo. Morbi ut odio."
"8","5","2018-05-11","2","Duis consequat dui nec nisi volutpat eleifend. Donec ut dolor. Morbi vel lectus in quam fringilla rhoncus."
"2","7","2017-11-08","3","Aliquam quis turpis eget elit sodales scelerisque. Mauris sit amet eros. Suspendisse accumsan tortor quis turpis."
"1","Ryan","Mollin","AL","dQc2XWyAFqxvlQXp.jpg","rmollin0@xrea.com","UBT65gm","2002-01-16"
"2","Cristine","Hansmann","BR","NMdS0R7ppq8n9ZrV.jpg","chansmann1@businessinsider.com","acLvJW2uM","1999-05-18"
"3","Karrie","Giacovazzo","UA","dfsgIMgC8DwUb9We.jpg","kgiacovazzo2@google.cn","ftGu2PL3oc","2007-05-19"
"4","Elly","Hilling","ZA","pfqAqUMkbd00ekGM.jpg","ehilling3@va.gov","my6tIuPro","1999-07-20"
"5","Dione","Harce","SE","ui76zYcW1a5OHiR6.jpg","dharce4@xinhuanet.com","koGLQ69R","2002-07-22"
"6","Willard","Rounce","BR","j9zM5m2JWPKjRZpz.jpg","wrounce5@soup.io","snU24jus6gVF","1999-11-27"
"7","Neddie","Trehearn","RU","o6V3xltapsoMHkB6.jpg","ntrehearn6@google.com.br","OqZItyQ38","2005-11-19"
"8","Desdemona","Delahunty","BY","x3ih8F64YqcaZkeD.jpg","ddelahunty7@friendfeed.com","V5S13WoD318Y","2008-01-24"
"9","Misti","Noquet","MA","KIlRB0qdzFpotiOi.jpg","mnoquet8@com.com","hAD1l6Keh","2004-05-31"
"10","Buffy","Girhard","AF","06TNXTP8atZjYF6t.jpg","bgirhard9@ihg.com","OxssDvP","1999-06-04"
"11","Elmo","Lakeland","BR","RLmmtjR9NHKJC5jc.jpg","elakelanda@hugedomains.com","dkyTJ3fbe","2004-07-09"
"12","Guido","Schrir","GR","YnS9zWgFJzHfZpX3.jpg","gschrirb@yale.edu","jozzLsA","2002-06-06"
"13","Ricard","Farleigh","BR","2JCMJ5cAjtbxV1of.jpg","rfarleighc@cargocollective.com","7WKy9R6Je0Y","2006-05-18"
"14","Hildegarde","Stringfellow","ID","1bsR2WmY0XVkP7mz.jpg","hstringfellowd@barnesandnoble.com","R249uVZ","1998-05-23"
"15","Gibby","Assante","CN","ORi9dY1FFRdINlsr.jpg","gassantee@businessinsider.com","zFUbhFc","1998-01-24"
"16","Boonie","Cromb","CN","kh2mavF3bz7CtYfh.jpg","bcrombf@mit.edu","gZoxbIg","2003-03-26"
"17","Woodie","Ayars","ID","HxW3bBbYzui0LLNp.jpg","wayarsg@webnode.com","Ojxewg","2004-06-03"
"18","Agretha","Batthew","UA","YbXUSeXX8EqxVW96.jpg","abatthewh@last.fm","pOTswSybjVzv","2001-11-30"
"19","Goraud","Caplen","GY","SDOaRuyGZQm4jIA9.jpg","gcapleni@sphinn.com","4TjEIEK91F","2000-02-18"
"20","Welch","Feare","CN","N6C7JdWztCNwGTUm.jpg","wfearej@123-reg.co.uk","GvyMrz3meQK","2006-01-04"
"20","18"
"6","2"
"4","1"
"7","18"
"9","5"
"7","14"
"17","15"
"7","7"
"20","20"
"18","10"
"15","13"
"13","13"
"9","2"
"13","15"
"5","9"
"1","3"
"18","12"
"12","5"
"16","10"
"3","14"
"17","3"
"19","7"
"11","6"
"12","20"
"5","5"
"3","7"
"10","9"
"17","7"
"8","15"
"1","1"
"4","7"
"2","20"
"19","18"
"13","19"
"3","17"
"16","6"
"7","9"
"5","19"
"5","3"
"11","3"
"1","9"
"18","19"
"16","8"
"12","15"
"12","16"
"16","11"
"1","17"
"14","18"
"4","17"
"15","2"
"6","13"
"15","9"
"5","2"
"3","20"
"20","15"
"11","2"
"8","4"
"6","14"
"3","2"
"5","11"
"11","14"
"10","16"
"9","11"
"18","17"
"7","6"
"8","6"
"20","5"
"18","3"
"4","16"
"2","14"
"18","6"
"10","2"
"11","7"
"20","3"
"11","13"
"13","10"
"8","17"
"12","14"
"4","6"
"16","2"
"14","20"
"8","5"
"5","10"
"13","16"
